{
  "t_names": [
    "T_mean",
    "T_max",
    "T_min",
    "T_concat",
    "T_weighted",
    "T_product",
    "T_first",
    "T_last"
  ],
  "c_names": [
    "C_mean",
    "C_max",
    "C_min",
    "C_concat",
    "C_weighted",
    "C_product",
    "C_diff",
    "C_combined"
  ],
  "brier_mat": [
    [
      91.40028454747313,
      90.20956738274928,
      89.32151606605083,
      98.44490680017711,
      91.40028497038718,
      89.13113650815967,
      98.4783502762056,
      98.45076452291863
    ],
    [
      33.694821767547026,
      33.15557949866429,
      86.59923996433196,
      85.66962097602574,
      33.694819528382055,
      91.64355994912997,
      98.50402641329204,
      94.88452545295347
    ],
    [
      34.04788565072321,
      87.06223145959214,
      33.540440625655165,
      86.28896744606747,
      34.047885855071,
      92.65719367692611,
      98.50395408129495,
      93.64794805222105
    ],
    [
      91.40028454747313,
      90.20956738274928,
      89.32151606605083,
      98.44490680017711,
      91.40028497038718,
      89.13113650815967,
      98.4783502762056,
      98.45076452291863
    ],
    [
      91.40028556852796,
      90.20956941329167,
      89.32151668705242,
      98.44490675305889,
      91.40028556852796,
      89.13113699588517,
      98.47835026382259,
      98.45076448488523
    ],
    [
      75.86704879858269,
      67.73909776796256,
      70.88899390414548,
      88.38923431005604,
      75.8670485687015,
      17.87670693459816,
      71.38137513914131,
      90.7788857221525
    ],
    [
      93.67557786381944,
      86.11313523826337,
      86.88368168184894,
      97.79901025913598,
      93.67557935179865,
      94.20371375148419,
      94.859521636342,
      97.72886817489109
    ],
    [
      94.36215235396214,
      89.62594026753497,
      89.93923564391928,
      98.44656071837152,
      94.36215298806582,
      91.75783882450231,
      97.72118476786557,
      98.49189021619954
    ]
  ],
  "detail": {
    "T_meanĂ—C_mean": {
      "brier_k1": 96.66951778251739,
      "brier_k10": 90.95172715499498,
      "brier_k50": 86.8444642869659,
      "vec_brier_full": 84.49277070875691,
      "brierlm": 91.40028454747313
    },
    "T_meanĂ—C_max": {
      "brier_k1": 97.53579952429955,
      "brier_k10": 91.43853405626776,
      "brier_k50": 82.31225451485493,
      "vec_brier_full": 64.78191716898914,
      "brierlm": 90.20956738274928
    },
    "T_meanĂ—C_min": {
      "brier_k1": 97.3752887279182,
      "brier_k10": 90.5438690865362,
      "brier_k50": 80.82774270500293,
      "vec_brier_full": 63.374805245618774,
      "brierlm": 89.32151606605083
    },
    "T_meanĂ—C_concat": {
      "brier_k1": 98.76020431135638,
      "brier_k10": 98.29073946167425,
      "brier_k50": 98.28453208148375,
      "vec_brier_full": 98.2824477128089,
      "brierlm": 98.44490680017711
    },
    "T_meanĂ—C_weighted": {
      "brier_k1": 96.6695186693426,
      "brier_k10": 90.95172730773764,
      "brier_k50": 86.84446454993063,
      "vec_brier_full": 84.49277111652573,
      "brierlm": 91.40028497038718
    },
    "T_meanĂ—C_product": {
      "brier_k1": 94.88263661445194,
      "brier_k10": 87.64494615491188,
      "brier_k50": 85.14805062733114,
      "vec_brier_full": 84.84690084133301,
      "brierlm": 89.13113650815967
    },
    "T_meanĂ—C_diff": {
      "brier_k1": 98.78156651716581,
      "brier_k10": 98.32717561880156,
      "brier_k50": 98.32700710626864,
      "vec_brier_full": 98.32699467670317,
      "brierlm": 98.4783502762056
    },
    "T_meanĂ—C_combined": {
      "brier_k1": 98.74287888785031,
      "brier_k10": 98.31176924061441,
      "brier_k50": 98.29829435074832,
      "vec_brier_full": 98.29329598310686,
      "brierlm": 98.45076452291863
    },
    "T_maxĂ—C_mean": {
      "brier_k1": 79.56141824445707,
      "brier_k10": 35.82504973858411,
      "brier_k50": 13.421472695624818,
      "vec_brier_full": 1.3589774307509395,
      "brierlm": 33.694821767547026
    },
    "T_maxĂ—C_max": {
      "brier_k1": 82.70338798263151,
      "brier_k10": 36.402549310057495,
      "brier_k50": 12.106393032884395,
      "vec_brier_full": 0.7751098027397083,
      "brierlm": 33.15557949866429
    },
    "T_maxĂ—C_min": {
      "brier_k1": 96.833603860825,
      "brier_k10": 88.82192578440475,
      "brier_k50": 75.50852052620661,
      "vec_brier_full": 44.858217835087714,
      "brierlm": 86.59923996433196
    },
    "T_maxĂ—C_concat": {
      "brier_k1": 97.71852022594184,
      "brier_k10": 90.53472764199803,
      "brier_k50": 71.07035017258325,
      "vec_brier_full": 29.71126179671551,
      "brierlm": 85.66962097602574
    },
    "T_maxĂ—C_weighted": {
      "brier_k1": 79.56141721861346,
      "brier_k10": 35.825046611552565,
      "brier_k50": 13.421471364443999,
      "vec_brier_full": 1.358977197118112,
      "brierlm": 33.694819528382055
    },
    "T_maxĂ—C_product": {
      "brier_k1": 95.43562307203683,
      "brier_k10": 90.55510794008444,
      "brier_k50": 89.05993790823815,
      "vec_brier_full": 88.80033136526177,
      "brierlm": 91.64355994912997
    },
    "T_maxĂ—C_diff": {
      "brier_k1": 98.80730450556784,
      "brier_k10": 98.35469127394461,
      "brier_k50": 98.3507820156941,
      "vec_brier_full": 98.35076877135153,
      "brierlm": 98.50402641329204
    },
    "T_maxĂ—C_combined": {
      "brier_k1": 97.30427853968688,
      "brier_k10": 94.96539266760216,
      "brier_k50": 92.44615747717985,
      "vec_brier_full": 85.33520814188687,
      "brierlm": 94.88452545295347
    },
    "T_minĂ—C_mean": {
      "brier_k1": 79.56619831682433,
      "brier_k10": 36.17439127284519,
      "brier_k50": 13.713256630429827,
      "vec_brier_full": 1.3990626404878104,
      "brierlm": 34.04788565072321
    },
    "T_minĂ—C_max": {
      "brier_k1": 96.81707079006982,
      "brier_k10": 89.13729418675086,
      "brier_k50": 76.4676946096237,
      "vec_brier_full": 46.3856282887751,
      "brierlm": 87.06223145959214
    },
    "T_minĂ—C_min": {
      "brier_k1": 82.83260330502377,
      "brier_k10": 36.83093546547966,
      "brier_k50": 12.367793650787831,
      "vec_brier_full": 0.7965884940189907,
      "brierlm": 33.540440625655165
    },
    "T_minĂ—C_concat": {
      "brier_k1": 97.7567171226236,
      "brier_k10": 90.92804584201176,
      "brier_k50": 72.28053362840318,
      "vec_brier_full": 29.65554430109412,
      "brierlm": 86.28896744606747
    },
    "T_minĂ—C_weighted": {
      "brier_k1": 79.56619906066462,
      "brier_k10": 36.174391262897345,
      "brier_k50": 13.713256752911546,
      "vec_brier_full": 1.399062677577028,
      "brierlm": 34.047885855071
    },
    "T_minĂ—C_product": {
      "brier_k1": 95.7442195556028,
      "brier_k10": 91.59774428071404,
      "brier_k50": 90.70685001913115,
      "vec_brier_full": 90.67490513303687,
      "brierlm": 92.65719367692611
    },
    "T_minĂ—C_diff": {
      "brier_k1": 98.8041572763143,
      "brier_k10": 98.35598127507691,
      "brier_k50": 98.35240816715512,
      "vec_brier_full": 98.35239751583586,
      "brierlm": 98.50395408129495
    },
    "T_minĂ—C_combined": {
      "brier_k1": 97.06322967058505,
      "brier_k10": 93.68747042797733,
      "brier_k50": 90.31472140490315,
      "vec_brier_full": 81.510730896042,
      "brierlm": 93.64794805222105
    },
    "T_concatĂ—C_mean": {
      "brier_k1": 96.66951778251739,
      "brier_k10": 90.95172715499498,
      "brier_k50": 86.8444642869659,
      "vec_brier_full": 84.49277070875691,
      "brierlm": 91.40028454747313
    },
    "T_concatĂ—C_max": {
      "brier_k1": 97.53579952429955,
      "brier_k10": 91.43853405626776,
      "brier_k50": 82.31225451485493,
      "vec_brier_full": 64.78191716898914,
      "brierlm": 90.20956738274928
    },
    "T_concatĂ—C_min": {
      "brier_k1": 97.3752887279182,
      "brier_k10": 90.5438690865362,
      "brier_k50": 80.82774270500293,
      "vec_brier_full": 63.374805245618774,