{
  "T_mean×C_sim_weighted": {
    "eosk": 0.9835670471191407,
    "recall_10": 0.3378287632904292,
    "separation": 0.08350506274097119,
    "silhouette": 0.012891668826341629,
    "brierlm": 90.90869669381532,
    "brier_brier_k1": 96.3305035275279,
    "brier_brier_k10": 90.28750483478746,
    "brier_brier_k50": 86.38230992663497,
    "brier_vec_brier_full": 84.32750674458956
  },
  "T_max×C_sim_weighted": {
    "eosk": 0.683528470993042,
    "recall_10": 0.3080581980973694,
    "separation": 0.01079833219205395,
    "silhouette": 0.003944120369851589,
    "brierlm": 35.35999630204882,
    "brier_brier_k1": 80.04802138880504,
    "brier_brier_k10": 37.69091839835012,
    "brier_brier_k50": 14.653767995901934,
    "brier_vec_brier_full": 1.5603265573120462
  },
  "T_min×C_sim_weighted": {
    "eosk": 0.7407896041870117,
    "recall_10": 0.30542809177392277,
    "separation": 0.01076032179378661,
    "silhouette": 0.0037589636631309986,
    "brierlm": 35.78035523667897,
    "brier_brier_k1": 80.15022955428408,
    "brier_brier_k10": 38.15330604831836,
    "brier_brier_k50": 14.979488963018744,
    "brier_vec_brier_full": 1.6019563411509015
  },
  "T_concat×C_sim_weighted": {
    "eosk": 0.9835670471191407,
    "recall_10": 0.3378287632904292,
    "separation": 0.08350506274097119,
    "silhouette": 0.012891668826341629,
    "brierlm": 90.90869669381532,
    "brier_brier_k1": 96.3305035275279,
    "brier_brier_k10": 90.28750483478746,
    "brier_brier_k50": 86.38230992663497,
    "brier_vec_brier_full": 84.32750674458956
  },
  "T_weighted×C_sim_weighted": {
    "eosk": 0.9835668563842773,
    "recall_10": 0.3378287632904292,
    "separation": 0.08350506274097119,
    "silhouette": 0.012891668826341629,
    "brierlm": 90.90869662234235,
    "brier_brier_k1": 96.33050321233128,
    "brier_brier_k10": 90.28750488684682,
    "brier_brier_k50": 86.38230995573025,
    "brier_vec_brier_full": 84.32750665490953
  },
  "T_product×C_sim_weighted": {
    "eosk": 0.03606868982315063,
    "recall_10": 0.18349188584219264,
    "separation": 0.011384637243856965,
    "silhouette": -0.08915417641401291,
    "brierlm": 98.16562796105319,
    "brier_brier_k1": 98.73482570902706,
    "brier_brier_k10": 97.88963312863329,
    "brier_brier_k50": 97.87488900237892,
    "brier_vec_brier_full": 97.87106646766154
  },
  "T_first×C_sim_weighted": {
    "eosk": 0.29254961013793945,
    "recall_10": 0.2792389479574715,
    "separation": 0.04713350728305507,
    "silhouette": -0.05012159422039986,
    "brierlm": 93.10890867313836,
    "brier_brier_k1": 96.3083027595926,
    "brier_brier_k10": 92.42180162814937,
    "brier_brier_k50": 90.68501922652065,
    "brier_vec_brier_full": 90.10026876424244
  },
  "T_last×C_sim_weighted": {
    "eosk": 0.5537493228912354,
    "recall_10": 0.28858421936205975,
    "separation": 0.06145926110273983,
    "silhouette": 0.004602158907800913,
    "brierlm": 94.55368726909815,
    "brier_brier_k1": 97.52067711014911,
    "brier_brier_k10": 94.30252574936871,
    "brier_brier_k50": 91.92113446840858,
    "brier_vec_brier_full": 90.66101480829425
  },
  "T_mean×C_idf_weighted": {
    "eosk": 0.9746248245239257,
    "recall_10": 0.34963626189143604,
    "separation": 0.08522992437401078,
    "silhouette": 0.012424557469785213,
    "brierlm": 91.7399358453348,
    "brier_brier_k1": 96.56623356691377,
    "brier_brier_k10": 91.21757319920802,
    "brier_brier_k50": 87.65394959701598,
    "brier_vec_brier_full": 85.59906128677933
  },
  "T_max×C_idf_weighted": {
    "eosk": 0.6878422737121582,
    "recall_10": 0.3131505316172349,
    "separation": 0.010438195067838718,
    "silhouette": 0.002897488884627819,
    "brierlm": 34.86679864030037,
    "brier_brier_k1": 80.02771949828058,
    "brier_brier_k10": 37.17117553054069,
    "brier_brier_k50": 14.249167246518313,
    "brier_vec_brier_full": 1.4593045530499236
  },
  "T_min×C_idf_weighted": {
    "eosk": 0.7030265808105469,
    "recall_10": 0.30442081701175133,
    "separation": 0.010361481553401442,
    "silhouette": 0.002730166306719184,
    "brierlm": 35.23032767920242,
    "brier_brier_k1": 80.10010567899019,
    "brier_brier_k10": 37.56760467389426,
    "brier_brier_k50": 14.531266027271805,
    "brier_vec_brier_full": 1.4885202898491265
  },
  "T_concat×C_idf_weighted": {
    "eosk": 0.9746248245239257,
    "recall_10": 0.34963626189143604,
    "separation": 0.08522992437401078,
    "silhouette": 0.012424557469785213,
    "brierlm": 91.7399358453348,
    "brier_brier_k1": 96.56623356691377,
    "brier_brier_k10": 91.21757319920802,
    "brier_brier_k50": 87.65394959701598,
    "brier_vec_brier_full": 85.59906128677933
  },
  "T_weighted×C_idf_weighted": {
    "eosk": 0.9746246337890625,
    "recall_10": 0.34963626189143604,
    "separation": 0.08522992008095653,
    "silhouette": 0.012424558401107788,
    "brierlm": 91.73993507436415,
    "brier_brier_k1": 96.56623310347138,
    "brier_brier_k10": 91.21757228117781,
    "brier_brier_k50": 87.65394868995399,
    "brier_vec_brier_full": 85.59906028316149
  },
  "T_product×C_idf_weighted": {
    "eosk": 0.06107575893402099,
    "recall_10": 0.12865137101286772,
    "separation": 0.010928345484114386,
    "silhouette": -0.09584435820579529,
    "brierlm": 98.41478821647412,
    "brier_brier_k1": 98.85717578935814,
    "brier_brier_k10": 98.20157804330955,
    "brier_brier_k50": 98.18709722892154,
    "brier_vec_brier_full": 98.18327806288723
  },
  "T_first×C_idf_weighted": {
    "eosk": 0.2826143026351929,
    "recall_10": 0.2765528819250149,
    "separation": 0.04679106406089875,
    "silhouette": -0.051016759127378464,
    "brierlm": 93.17758534531887,
    "brier_brier_k1": 96.31696782736121,
    "brier_brier_k10": 92.44888349663533,
    "brier_brier_k50": 90.85103568724915,
    "brier_vec_brier_full": 90.30290405185016
  },
  "T_last×C_idf_weighted": {
    "eosk": 0.5472392082214356,
    "recall_10": 0.2879127028539457,
    "separation": 0.061161610048130644,
    "silhouette": 0.0026017536874860525,
    "brierlm": 94.70694269089599,
    "brier_brier_k1": 97.5220782044401,
    "brier_brier_k10": 94.46886062058762,
    "brier_brier_k50": 92.20486284060297,
    "brier_vec_brier_full": 90.94327021056112
  },
  "AVG_C_sim_weighted_eosk": 0.6571733310818673,
  "AVG_C_sim_weighted_recall_10": 0.297285954113038,
  "AVG_C_sim_weighted_separation": 0.04900640597980075,
  "AVG_C_sim_weighted_silhouette": -0.011036940151825547,
  "AVG_C_sim_weighted_brierlm": 78.7118331814988,
  "AVG_C_idf_weighted_eosk": 0.6507090508937836,
  "AVG_C_idf_weighted_recall_10": 0.2949496362618903,
  "AVG_C_idf_weighted_separation": 0.049421308130420255,
  "AVG_C_idf_weighted_silhouette": -0.01266975438920781,
  "AVG_C_idf_weighted_brierlm": 78.9520311671532,
  "BASELINE_C_mean_eosk": 1.0000002145767215,
  "BASELINE_C_mean_recall_10": 0.3032526580861764,
  "BASELINE_C_mean_separation": 0.04943446468308291,
  "BASELINE_C_mean_silhouette": -0.037082493922769404,
  "BASELINE_C_mean_brierlm": 75.7310426372636,
  "BASELINE_C_max_eosk": 0.7485479283421377,
  "BASELINE_C_max_recall_10": 0.27482512590934494,
  "BASELINE_C_max_separation": 0.024414304401632798,
  "BASELINE_C_max_silhouette": -0.0341061920376383,
  "BASELINE_C_max_brierlm": 79.29058605135094,
  "BASELINE_C_min_eosk": 0.713251901394387,
  "BASELINE_C_min_recall_10": 0.2695369334079458,
  "BASELINE_C_min_separation": 0.0229474015031171,
  "BASELINE_C_min_silhouette": -0.045141286466247856,
  "BASELINE_C_min_brierlm": 79.47701757988187,
  "BASELINE_C_concat_eosk": 1.0000002145767215,
  "BASELINE_C_concat_recall_10": 0.3032526580861764,
  "BASELINE_C_concat_separation": 0.04943446468308291,
  "BASELINE_C_concat_silhouette": -0.037082493922769404,
  "BASELINE_C_concat_brierlm": 93.99101425788373,
  "BASELINE_C_weighted_eosk": 1.0000001060522896,
  "BASELINE_C_weighted_recall_10": 0.30372132064913104,
  "BASELINE_C_weighted_separation": 0.04937386682094844,
  "BASELINE_C_weighted_silhouette": -0.03708249280990984,