{
  "T_meanĂ—C_sim_weighted": {
    "brierlm": 89.59896120579599,
    "vec_brier": 43.97966952031958,
    "brier_1": 98.8,
    "brier_2": 89.5363017710744,
    "brier_4": 81.31165990253987
  },
  "T_meanĂ—C_idf_weighted": {
    "brierlm": 88.69221769599933,
    "vec_brier": 46.63705191467974,
    "brier_1": 94.39999999999999,
    "brier_2": 89.08031020555177,
    "brier_4": 82.96651116637165
  },
  "T_maxĂ—C_sim_weighted": {
    "brierlm": 65.87675177517957,
    "vec_brier": 0.3808676922995303,
    "brier_1": 96.8,
    "brier_2": 67.03822258270854,
    "brier_4": 44.05535271128501
  },
  "T_maxĂ—C_idf_weighted": {
    "brierlm": 65.935313371219,
    "vec_brier": 0.3567566593098317,
    "brier_1": 98.0,
    "brier_2": 67.24838518677447,
    "brier_4": 43.49569632583314
  },
  "T_minĂ—C_sim_weighted": {
    "brierlm": 65.57944238536389,
    "vec_brier": 0.3788467259989154,
    "brier_1": 96.39999999999999,
    "brier_2": 67.10330792298616,
    "brier_4": 43.59956890955549
  },
  "T_minĂ—C_idf_weighted": {
    "brierlm": 65.60931806982654,
    "vec_brier": 0.3685246310596329,
    "brier_1": 97.2,
    "brier_2": 66.88524787173009,
    "brier_4": 43.44101516377017
  },
  "T_concatĂ—C_sim_weighted": {
    "brierlm": 88.79467654812767,
    "vec_brier": 44.369933454430374,
    "brier_1": 96.39999999999999,
    "brier_2": 89.16791006172802,
    "brier_4": 81.44701404915241
  },
  "T_concatĂ—C_idf_weighted": {
    "brierlm": 90.24093824157659,
    "vec_brier": 47.37775103835816,
    "brier_1": 96.8,
    "brier_2": 90.3679270931414,
    "brier_4": 84.00809344127956
  },
  "T_weightedĂ—C_sim_weighted": {
    "brierlm": 89.83909711412169,
    "vec_brier": 43.333154560549666,
    "brier_1": 98.4,
    "brier_2": 89.99806345769682,
    "brier_4": 81.87812198338368
  },
  "T_weightedĂ—C_idf_weighted": {
    "brierlm": 90.1725171867662,
    "vec_brier": 47.671535554336245,
    "brier_1": 96.8,
    "brier_2": 90.29452691666148,
    "brier_4": 83.88528716519438
  },
  "T_productĂ—C_sim_weighted": {
    "brierlm": 96.39427594984029,
    "vec_brier": 93.68924415082718,
    "brier_1": 96.39999999999999,
    "brier_2": 96.54239926446883,
    "brier_4": 96.2406649697349
  },
  "T_productĂ—C_idf_weighted": {
    "brierlm": 96.29017842749647,
    "vec_brier": 94.04061541150442,
    "brier_1": 96.0,
    "brier_2": 96.42088271445502,
    "brier_4": 96.45031232228551
  },
  "T_firstĂ—C_sim_weighted": {
    "brierlm": 91.72395013422093,
    "vec_brier": 62.55939619904587,
    "brier_1": 97.2,
    "brier_2": 91.40672876602255,
    "brier_4": 86.85679839308328
  },
  "T_firstĂ—C_idf_weighted": {
    "brierlm": 91.7200900418943,
    "vec_brier": 62.96026142566311,
    "brier_1": 97.2,
    "brier_2": 91.4493588502309,
    "brier_4": 86.80534896023777
  },
  "T_lastĂ—C_sim_weighted": {
    "brierlm": 91.91387166733051,
    "vec_brier": 54.89336536087575,
    "brier_1": 96.39999999999999,
    "brier_2": 91.93472876905794,
    "brier_4": 87.61663052725083
  },
  "T_lastĂ—C_idf_weighted": {
    "brierlm": 93.13519313155113,
    "vec_brier": 56.4693741604904,
    "brier_1": 97.6,
    "brier_2": 93.00901833615833,
    "brier_4": 88.99519933672681
  },
  "AVG_C_sim_weighted": {
    "brierlm": 84.96512834749757,
    "note": "8ç§ŤTokenć–ąćł•ĺąłĺť‡ (N=8)"
  },
  "AVG_C_idf_weighted": {
    "brierlm": 85.22447077079119,
    "note": "8ç§ŤTokenć–ąćł•ĺąłĺť‡ (N=8)"
  },
  "AVG_C_mean": {
    "brierlm": 75.7310426372636,
    "note": "ĺŽźĺ§‹ C_mean 8ç§ŤTokenĺť‡ĺ€Ľ (N=8)"
  },
  "AVG_C_concat": {
    "brierlm": 93.99101425788373,
    "note": "ĺŽźĺ§‹ C_concat 8ç§ŤTokenĺť‡ĺ€Ľ (N=8)"
  },
  "AVG_C_combined": {
    "brierlm": 96.36055139364251,
    "note": "ĺŽźĺ§‹ C_combined 8ç§ŤTokenĺť‡ĺ€Ľ (N=8)"
  },
  "AVG_C_weighted": {
    "brierlm": 75.73104272516517,
    "note": "ĺŽźĺ§‹ C_weighted 8ç§ŤTokenĺť‡ĺ€Ľ (N=8)"
  },
  "AVG_C_diff": {
    "brierlm": 94.5506391067712,
    "note": "ĺŽźĺ§‹ C_diff 8ç§ŤTokenĺť‡ĺ€Ľ (N=8)"
  }
}